car,condition,milage,extar_info
2018 Porsche 911 Carrera,Used,8592 mi.
2008 Porsche 911 Carrera S,Used,54990 mi.
2015 Porsche 911 Carrera S,Used,32842 mi.
2009 Porsche 911 Turbo,Used,31689 mi.
2007 Porsche 911 Turbo,Used,85000 mi.
2018 Porsche 911 GT3,Used,2964 mi.
2014 Porsche 911 Carrera 4,Used,13025 mi.
2016 Porsche 911 Carrera GTS,Used,25906 mi.
2019 Porsche 911 Speedster,Used,89 mi.
2019 Porsche 911 Carrera 4 GTS,Used,3427 mi.
2009 Porsche 911 Carrera S,Used,29281 mi.
2007 Porsche 911 GT3,Used,19261 mi.
2018 Porsche 911 GT3,Used,64 mi.
2018 Porsche 911 GT3,Used,42 mi.
2018 Porsche 911 GT3,Used,2850 mi.
2016 Porsche 911 Carrera,Used,4434 mi.
2017 Porsche 911 Carrera,Used,9832 mi.
2015 Porsche 911 Carrera GTS,Used,18156 mi.
2019 Porsche 911 Speedster,Used,1065 mi.
2018 Porsche 911 GT3,Used,921 mi.
2017 Porsche 911 Carrera 4S,Used,24418 mi.
2015 Porsche 911 Targa 4S,Used,16951 mi.
2007 Porsche 911 Carrera,Used,20788 mi.
2007 Porsche 911 GT3,Used,22525 mi.
2007 Porsche 911 GT3 RS,Used,21712 mi.
2016 Porsche 911 GT3 RS,Used,12984 mi.
2016 Porsche 911 Carrera 4S,Used,11813 mi.
2018 Porsche 911 Carrera,Porsche Certified,9444 mi.
2018 Porsche 911 GT3,Used,4476 mi.
2018 Porsche 911 Carrera S,Used,1378 mi.
2014 Porsche 911 Carrera S,Used,43824 mi.
2016 Porsche 911 Carrera GTS,Used,43 mi.
2016 Porsche 911 Carrera GTS,Used,144 mi.
2011 Porsche 911 GT3 RS,Porsche Certified,2578 mi.
2018 Porsche 911 Carrera T,Used,6242 mi.
2018 Porsche 911 Carrera 4S,Used,6296 mi.
2017 Porsche 911 Carrera,Used,11712 mi.
2018 Porsche 911 GT3,Used,2585 mi.
2018 Porsche 911 GT3,Used,5271 mi.
2011 Porsche 911 GT3 RS,Used,12342 mi.
2018 Porsche 911 GTS,Used,11176 mi.
2019 Porsche 911 Speedster,Porsche Certified,19 mi.
2018 Porsche 911 GT3,Used,275 mi.
2018 Porsche 911 GT3,Porsche Certified,1394 mi.
2019 Porsche 911 Speedster,Used,26 mi.
2011 Porsche 911,Used,3074 mi.
2018 Porsche 911 GT3,Used,500 mi.
2019 Porsche 911 Carrera GTS,Used,4070 mi.
2019 Porsche 911 Speedster,Used,111 mi.
2018 Porsche 911 GT3,Used,5801 mi.
2012 Porsche 911 Carrera S,Used,35900 mi.
2014 Porsche 911 Carrera,Used,62700 mi.
2008 Porsche 911 Carrera S Cabriolet,Used,17000 mi.
2018 Porsche 911 GT3,Used,3872 mi.
2015 Porsche 911 Carrera,Porsche Certified,6380 mi.
2010 Porsche 911 GT3,Used,-- mi.
2009 Porsche 911 GT3,Used,-- mi.
2018 Porsche 911 Carrera T,Used,6038 mi.
2018 Porsche 911,Used,3692 mi.
2015 Porsche 911 Carrera,Used,22365 mi.
2018 Porsche 911 GT3,Used,7895 mi.
